model,count,pass_rate_no,pass_rate_rec,pass_rate_delta,overall_no,overall_rec,overall_delta,tool_selection_no,tool_selection_rec,tool_selection_delta,parameter_logic_no,parameter_logic_rec,parameter_logic_delta,result_relevance_no,result_relevance_rec,result_relevance_delta,format_validity_no,format_validity_rec,format_validity_delta
llama3_new,140,0.3143,0.5929,0.27859999999999996,0.4879,0.8268,0.3389,0.9357,1.0,0.06430000000000002,0.6357,0.9357,0.29999999999999993,0.3214,0.5929,0.27149999999999996,0.7571,0.8714,0.11429999999999996
phi4_14b_new,140,0.3143,0.5429,0.22860000000000003,0.6054,0.7964,0.19099999999999995,0.7286,0.9286,0.19999999999999996,0.9429,0.9357,-0.007199999999999984,0.3143,0.5429,0.22860000000000003,0.6929,0.8857,0.19280000000000008
qwen2_new,140,0.2357,0.5143,0.27859999999999996,0.4239,0.8214,0.3975,0.9,0.9929,0.09289999999999998,0.6071,0.9714,0.36430000000000007,0.2429,0.5143,0.2714,0.6857,0.8786,0.19290000000000007
gemma_new,140,0.0143,0.4857,0.47140000000000004,0.0411,0.7929,0.7518,0.1857,1.0,0.8143,0.8643,0.9214,0.05710000000000004,0.0143,0.4857,0.47140000000000004,0.0786,0.85,0.7714
mistral_7b-instruct_new,140,0.2071,0.4571,0.25,0.2286,0.6464,0.41779999999999995,0.4571,0.9286,0.4715,0.7857,0.8429,0.05720000000000003,0.2071,0.4571,0.25,0.2643,0.5929,0.3286
llama7b_new,140,0.0,0.4286,0.4286,0.0,0.7,0.7,0.0,0.95,0.95,0.9643,0.8714,-0.0929000000000001,0.0,0.4286,0.4286,0.0071,0.75,0.7429
